{
    "accuracy": 0.9364214350590372,
    "precision": 0.8706896551724138,
    "recall": 0.6474358974358975,
    "auc": 0.9103140686474019
}